{
  "meta":{
    "comment":""
  },
  "VDX": {
    "version": "1.0.0",
    "museTemplateVersion": "3.10.0-0",
    "peel": {
      "logoImage": "teaserLogo.png",
      "branding": "VDX.TV"
    },
    "customMediaCfg": {
      "isCustom": false,
      "isCustomCompiled": false,
      "crv": "",
      "jiraId": "",
      "suffixPath": "",
      "customFiles": {
          "framework": {
              "dynamicCreativeUpdater": false,
              "designerConfig": false,
              "creativeJs": false,
              "initializerJs": false,
              "componentJs": false,
              "creativeCss": false
          },
          "custom": {
              "customCampaign": false
          }
      }
    },
    "isBokehModeEnabled": false,
    "videoConfig": {
      "isLongForm": false,
      "videoPosition": {
        "shiftX": 0,
        "shiftY": 0
      },
      "totalVideos": 1
    },
    "pharma": {
      "isPharma": false,
      "isISI": false,
      "autoScroll": false,
      "isPrequalifier": false
    }
  }  
}